GEO.id,Id
GEO.id2,Id2
GEO.display-label,Geography
HC01_EST_VC17,Total; Estimate; Percent high school graduate or higher
HC01_MOE_VC17,Total; Margin of Error; Percent high school graduate or higher
HC02_EST_VC17,Percent; Estimate; Percent high school graduate or higher
HC02_MOE_VC17,Percent; Margin of Error; Percent high school graduate or higher
HC03_EST_VC17,Males; Estimate; Percent high school graduate or higher
HC03_MOE_VC17,Males; Margin of Error; Percent high school graduate or higher
HC04_EST_VC17,Percent Males; Estimate; Percent high school graduate or higher
HC04_MOE_VC17,Percent Males; Margin of Error; Percent high school graduate or higher
HC05_EST_VC17,Females; Estimate; Percent high school graduate or higher
HC05_MOE_VC17,Females; Margin of Error; Percent high school graduate or higher
HC06_EST_VC17,Percent Females; Estimate; Percent high school graduate or higher
HC06_MOE_VC17,Percent Females; Margin of Error; Percent high school graduate or higher
