GEO.id,GEO.id2,GEO.display-label,HC02_EST_VC02
Id,Id2,Geography,Median income (dollars); Estimate; Households
0400000US01,01,Alabama,43623
0400000US02,02,Alaska,72515
0400000US04,04,Arizona,50255
0400000US05,05,Arkansas,41371
0400000US06,06,California,61818
0400000US08,08,Colorado,60629
0400000US09,09,Connecticut,70331
0400000US10,10,Delaware,60509
0400000US11,11,District of Columbia,70848
0400000US12,12,Florida,47507
0400000US13,13,Georgia,49620
0400000US15,15,Hawaii,69515
0400000US16,16,Idaho,47583
0400000US17,17,Illinois,57574
0400000US18,18,Indiana,49255
0400000US19,19,Iowa,53183
0400000US20,20,Kansas,52205
0400000US21,21,Kentucky,43740
0400000US22,22,Louisiana,45047
0400000US23,23,Maine,49331
0400000US24,24,Maryland,74551
0400000US25,25,Massachusetts,68563
0400000US26,26,Michigan,49576
0400000US27,27,Minnesota,61492
0400000US28,28,Mississippi,39665
0400000US29,29,Missouri,48173
0400000US30,30,Montana,47169
0400000US31,31,Nebraska,52997
0400000US32,32,Nevada,51847
0400000US33,33,New Hampshire,66779
0400000US34,34,New Jersey,72093
0400000US35,35,New Mexico,44963
0400000US36,36,New York,59269
0400000US37,37,North Carolina,46868
0400000US38,38,North Dakota,57181
0400000US39,39,Ohio,49429
0400000US40,40,Oklahoma,46879
0400000US41,41,Oregon,51243
0400000US42,42,Pennsylvania,53599
0400000US44,44,Rhode Island,56852
0400000US45,45,South Carolina,45483
0400000US46,46,South Dakota,50957
0400000US47,47,Tennessee,45219
0400000US48,48,Texas,53207
0400000US49,49,Utah,60727
0400000US50,50,Vermont,55176
0400000US51,51,Virginia,65015
0400000US53,53,Washington,61062
0400000US54,54,West Virginia,41751
0400000US55,55,Wisconsin,53357
0400000US56,56,Wyoming,58840
0400000US72,72,Puerto Rico,19350
